Prgrss Unt,Grading,Course ID,Subject,Catalog
0.00,SUS,008260,CRCJ,4999
3.00,GRD,007354,AVN,4990
6.00,GRD,011587,PE,4990
1.00,GRD,007295,ART,4990
3.00,GRD,007810,CEEN,4990
3.00,GRD,007810,ECEN,4990
3.00,SUS,050100,WRWS,4990
1.00,GRD,050071,WGST,4990
1.00,GRD,009257,ENGL,4990
3.00,GRD,010739,LLS,4990
3.00,GRD,056806,HIST,4990
3.00,GRD,011968,PSYC,4990
1.00,GRD,012266,SOC,4990
1.00,GRD,012545,CMST,4990
1.00,GRD,007682,JMC,4990
6.00,GRD,009826,HED,4990
3.00,GRD,056452,EMGT,4990
3.00,GRD,056198,ITIN,4990
0.00,CNC,060236,INST,4990
0.00,SUS,060231,ECON,4990
1.00,GRD,056371,IASC,4990
1.00,GRD,056371,CYBR,4990
1.00,GRD,008603,CSCI,4990
3.00,GRD,012370,SOWK,4980
1.00,GRD,012544,CMST,4980
1.00,GRD,009122,ECEN,4980
1.00,GRD,009256,ENGL,4980
1.00,GRD,010698,JMC,4980
1.00,GRD,010808,MATH,4980
3.00,GRD,010402,HONR,4980
1.00,GRD,011586,PE,4980
4.00,GRD,059551,BMCH,4980
1.00,GRD,008332,CNST,4980
2.00,GRD,007443,BIOI,4980
4.00,GRD,007529,BIOL,4980
3.00,GRD,058038,ITIN,4980
1.00,GRD,056370,IASC,4980
1.00,GRD,056370,CYBR,4980
1.00,GRD,008602,CSCI,4980
1.00,SUS,012543,CMST,4970
3.00,GRD,007385,AVN,4970
3.00,GRD,008258,CRCJ,4970
1.00,GRD,009825,HED,4970
1.00,GRD,012180,RLS,4970
1.00,SUS,010696,JMC,4970
1.00,GRD,011585,PE,4970
3.00,GRD,058186,SPAN,4970
1.00,GRD,007442,BIOI,4970
3.00,GRD,055523,CSCI,4970
1.00,GRD,011967,PSYC,4960
3.00,GRD,012487,SPAN,4960
3.00,GRD,011584,PE,4960
1.00,GRD,007945,CHEM,4960
2.00,GRD,054226,ECEN,4960
3.00,GRD,050069,WGST,4960
3.00,GRD,009254,ENGL,4960
3.00,GRD,009445,FREN,4960
1.00,GRD,011783,PHYS,4960
1.00,GRD,011353,NSCI,4960
3.00,GRD,007528,BIOL,4960
1.00,GRD,010694,JMC,4960
1.00,GRD,012542,CMST,4960
1.00,GRD,007441,BIOI,4960
3.00,GRD,009824,HED,4960
3.00,GRD,011422,PA,4950
3.00,GRD,009608,GEOL,4950
1.00,GRD,008257,CRCJ,4950
3.00,GRD,011866,PSCI,4950
3.00,GRD,058090,SPAN,4950
1.00,GRD,010738,LLS,4950
1.00,GRD,007944,CHEM,4950
3.00,GRD,009121,ELEC,4950
3.00,GRD,009121,ECEN,4950
3.00,GRD,009823,HED,4950
3.00,GRD,058179,FREN,4950
1.00,GRD,011782,PHYS,4950
3.00,GRD,059356,ART,4950
3.00,GRD,007440,BIOI,4950
1.00,CNC,057033,IASC,4950
1.00,CNC,057033,CYBR,4950
1.00,SUS,008601,CSCI,4950
4.00,GRD,007526,BIOL,4940
3.00,GRD,009686,GERO,4940
3.00,GRD,059507,ANTH,4940
3.00,GRD,011582,PE,4940
3.00,GRD,007292,ART,4940
3.00,GRD,007071,AE,4940
3.00,GRD,012541,CMST,4940
2.00,GRD,009120,ELEC,4940
2.00,GRD,009120,ECEN,4940
1.00,GRD,050068,WGST,4930
3.00,GRD,007291,ART,4930
3.00,GRD,011581,PE,4930
3.00,GRD,060058,ENGL,4930
1.00,GRD,059076,HIST,4920
3.00,GRD,007148,ANTH,4920
3.00,GRD,054725,LLS,4920
3.00,GRD,007290,ART,4920
1.00,GRD,009685,GERO,4920
1.00,GRD,011966,PSYC,4920
1.00,GRD,011865,PSCI,4920
3.00,GRD,011346,NAMS,4920
1.00,GRD,007808,CEEN,4920
1.00,GRD,007808,ECEN,4920
3.00,GRD,010693,JMC,4920
1.00,GRD,007289,ART,4910
1.00,GRD,008915,ECON,4910
3.00,GRD,010737,LLS,4910
3.00,GRD,009892,HIST,4910
6.00,GRD,011580,PE,4910
3.00,GRD,050067,WGST,4910
1.00,GRD,007809,CEEN,4910
1.00,GRD,007809,ECEN,4910
1.00,GRD,059844,SOC,4910
1.00,SUS,011864,PSCI,4910
3.00,GRD,059969,CIST,4910
1.00,GRD,007147,ANTH,4900
1.00,GRD,007642,BLST,4900
1.00,GRD,058057,NEUR,4900
3.00,GRD,007287,ART,4900
1.00,GRD,007384,AVN,4900
1.00,GRD,010736,LLS,4900
1.00,GRD,009644,GERM,4900
1.00,GRD,012486,SPAN,4900
3.00,GRD,057058,EMGT,4900
3.00,GRD,010691,JMC,4900
1.00,GRD,009444,FREN,4900
1.00,GRD,012213,RUSS,4900
1.00,GRD,010807,MATH,4900
1.00,GRD,011345,NAMS,4900
1.00,GRD,011863,PSCI,4900
1.00,GRD,009925,HIST,4900
1.00,GRD,011420,PA,4900
1.00,GRD,059598,SUST,4900
4.00,GRD,012265,SOC,4900
3.00,GRD,008600,CSCI,4900
3.00,GRD,010555,ISQA,4900
3.00,GRD,058477,NEUR,4890
3.00,GRD,058484,BIOL,4890
3.00,GRD,007285,ART,4890
3.00,GRD,008331,CNST,4890
3.00,GRD,008399,CONE,4890
3.00,GRD,007439,BIOI,4890
1.00,GRD,012368,SOWK,4890
3.00,GRD,008599,CSCI,4890
3.00,GRD,010554,ISQA,4890
3.00,GRD,007283,ART,4880
4.00,GRD,056570,CEEN,4880
4.00,GRD,056570,ECEN,4880
3.00,GRD,055927,HED,4880
3.00,GRD,012366,SOWK,4880
3.00,GRD,056922,BIOL,4870
3.00,GRD,058638,SPED,4870
3.00,GRD,009247,ENGL,4870
3.00,GRD,010689,JMC,4870
3.00,GRD,008598,BIOI,4870
3.00,GRD,056919,NEUR,4870
3.00,GRD,056223,BIOL,4860
3.00,GRD,009236,ENGL,4860
3.00,GRD,056863,FSMT,4860
3.00,GRD,058637,SPED,4860
3.00,GRD,007438,BIOI,4860
3.00,GRD,009245,ENGL,4850
3.00,GRD,010688,JMC,4850
3.00,GRD,012264,SOC,4850
3.00,GRD,011577,PE,4850
3.00,GRD,008327,CNST,4850
3.00,GRD,007859,CONE,4850
3.00,GRD,058594,SPED,4850
3.00,GRD,007279,ART,4850
3.00,GRD,008914,ECON,4850
3.00,GRD,012821,TED,4850
3.00,GRD,008597,CSCI,4850
3.00,GRD,007522,BIOL,4850
3.00,GRD,012362,SOWK,4850
3.00,GRD,009684,GERO,4850
3.00,GRD,009244,ENGL,4840
3.00,GRD,057380,HIST,4840
4.00,GRD,056568,ECEN,4840
3.00,GRD,009243,ENGL,4830
3.00,GRD,010687,JMC,4830
3.00,GRD,012263,SOC,4830
3.00,GRD,058350,SPED,4830
3.00,GRD,007278,ART,4830
3.00,GRD,059625,SOWK,4830
3.00,GRD,008596,CSCI,4830
1.00,GRD,058351,SPED,4820
3.00,GRD,056823,PSCI,4820
3.00,GRD,009352,ENVN,4820
3.00,GRD,009521,GEOG,4820
3.00,GRD,007520,BIOL,4820
3.00,GRD,011418,PA,4820
3.00,GRD,009242,ENGL,4820
3.00,GRD,008326,CNST,4820
1.00,SUS,007942,CHEM,4810
3.00,GRD,009241,ENGL,4810
3.00,GRD,010686,JMC,4810
3.00,GRD,007277,ART,4810
3.00,GRD,012636,SPED,4810
3.00,GRD,008325,CNST,4800
3.00,GRD,012540,CMST,4800
3.00,GRD,058497,SPAN,4800
3.00,GRD,010806,MTCH,4800
1.00,GRD,009520,GEOG,4800
1.00,GRD,009607,GEOL,4800
1.00,GRD,009240,ENGL,4800
3.00,GRD,009924,HIST,4800
1.00,GRD,059599,SUST,4800
3.00,GRD,056138,PSYC,4800
3.00,GRD,011576,PE,4800
1.00,CNC,007519,BIOL,4800
1.00,CNC,009351,ENVN,4800
3.00,GRD,012635,SPED,4800
3.00,GRD,012818,TED,4800
3.00,GRD,012261,SOC,4800
3.00,GRD,012359,SOWK,4800
3.00,GRD,008256,CRCJ,4800
4.00,GRD,007518,BIOL,4790
1.00,GRD,056190,ENGL,4790
3.00,GRD,012950,THEA,4790
4.00,GRD,007517,BIOL,4780
3.00,GRD,008244,CRCJ,4780
3.00,GRD,009923,HIST,4780
3.00,GRD,012949,THEA,4780
3.00,GRD,008243,CRCJ,4770
3.00,GRD,007275,ART,4770
3.00,GRD,012814,TED,4760
3.00,GRD,008324,CNST,4760
6.00,SUS,058919,SPED,4760
3.00,GRD,058914,BIOL,4760
3.00,GRD,007861,CONE,4760
3.00,GRD,007806,ECEN,4760
3.00,GRD,008242,CRCJ,4760
3.00,GRD,057297,MGMT,4760
3.00,GRD,057297,ENTR,4760
3.00,GRD,010805,MATH,4760
3.00,GRD,059871,SOC,4760
3.00,GRD,008241,CRCJ,4750
3.00,GRD,012632,SPED,4750
1.00,GRD,058005,PE,4750
3.00,GRD,058977,MUS,4750
4.00,GRD,007805,CEEN,4750
3.00,GRD,009238,ENGL,4750
3.00,GRD,057452,ENTR,4750
3.00,GRD,010804,MATH,4750
3.00,GRD,009683,GERO,4750
3.00,GRD,012812,TED,4740
3.00,GRD,011276,MUS,4740
1.00,GRD,058004,PE,4740
3.00,GRD,058634,SOC,4740
3.00,GRD,058219,ENTR,4740
3.00,GRD,058194,HIST,4740
3.00,GRD,010803,MATH,4740
6.00,SUS,012631,SPED,4740
3.00,GRD,007515,BIOL,4740
1.00,GRD,058003,PE,4730
3.00,GRD,009237,ENGL,4730
3.00,GRD,010985,MGMT,4730
3.00,GRD,010985,ENTR,4730
3.00,GRD,054739,ECON,4730
3.00,GRD,009921,HIST,4730
3.00,SUS,012630,SPED,4730
3.00,GRD,011275,MUS,4730
3.00,GRD,007273,ART,4730
3.00,GRD,010540,ISQA,4730
12.00,SUS,012628,SPED,4720
1.00,GRD,058002,PE,4720
3.00,GRD,009682,GERO,4720
3.00,GRD,009920,HIST,4720
3.00,GRD,011274,MUS,4720
3.00,GRD,012811,TED,4720
3.00,GRD,008255,CRCJ,4710
3.00,GRD,055665,BIOL,4710
3.00,GRD,012810,TED,4710
3.00,GRD,012627,SPED,4710
3.00,GRD,009891,HIST,4710
1.00,GRD,058001,PE,4710
3.00,GRD,057407,ENVN,4700
3.00,GRD,012523,CMST,4700
3.00,GRD,011575,PE,4700
6.00,SUS,058612,SPED,4700
3.00,GRD,009822,HED,4700
3.00,GRD,008594,CSCI,4700
3.00,GRD,009681,GERO,4690
3.00,GRD,056336,COUN,4690
3.00,GRD,056330,SOWK,4690
3.00,GRD,009235,ENGL,4690
3.00,GRD,009740,ENGR,4690
3.00,GRD,056152,COUN,4680
3.00,GRD,056150,SOWK,4680
3.00,GRD,009233,ENGL,4670
3.00,GRD,009680,GERO,4670
1.00,GRD,007512,BIOL,4664
1.00,GRD,007941,CHEM,4664
3.00,GRD,012809,TED,4660
3.00,GRD,007940,CHEM,4660
4.00,GRD,007802,ECEN,4660
3.00,GRD,007511,BIOL,4660
4.00,GRD,009519,GEOG,4660
3.00,GRD,008912,ECON,4660
1.00,GRD,007510,BIOL,4654
1.00,GRD,007939,CHEM,4654
3.00,GRD,058494,PSYC,4650
6.00,SUS,058609,TED,4650
3.00,GRD,007938,CHEM,4650
3.00,GRD,007509,BIOL,4650
3.00,GRD,055923,HED,4650
3.00,GRD,009239,ENGL,4650
3.00,GRD,059576,BMCH,4650
3.00,GRD,012624,SPED,4650
3.00,GRD,012353,SOWK,4650
4.00,GRD,007508,BIOL,4640
3.00,GRD,009105,ELEC,4640
3.00,GRD,059481,ENGL,4640
3.00,GRD,011939,PSYC,4640
12.00,SUS,012806,TED,4640
3.00,GRD,059593,BMCH,4640
3.00,GRD,012623,SPED,4640
3.00,GRD,012352,SOWK,4640
3.00,SUS,012805,TED,4630
4.00,GRD,009518,GEOG,4630
3.00,GRD,011938,PSYC,4630
3.00,GRD,011574,BMCH,4630
3.00,GRD,056894,PSCI,4620
3.00,GRD,057764,MUS,4620
3.00,GRD,058249,GEOG,4620
3.00,GRD,009234,ENGL,4620
3.00,GRD,009919,HIST,4620
3.00,GRD,012256,SOC,4620
3.00,GRD,008911,ECON,4620
3.00,GRD,008592,CSCI,4620
3.00,GRD,007507,BIOL,4610
4.00,GRD,007935,CHEM,4610
3.00,GRD,012804,TED,4610
3.00,GRD,009517,GEOG,4610
3.00,GRD,009605,GEOL,4610
3.00,GRD,009399,FNBK,4610
3.00,GRD,011270,MUS,4610
3.00,GRD,054259,ENVN,4610
4.00,GRD,059484,WRWS,4610
3.00,GRD,010800,MATH,4610
3.00,GRD,008909,ECON,4610
4.00,GRD,007801,ECEN,4610
3.00,GRD,007263,ART,4610
12.00,SUS,012802,TED,4600
3.00,GRD,012538,CMST,4600
1.00,GRD,055740,ENVN,4600
1.00,GRD,055738,BIOL,4600
3.00,GRD,057217,ECEN,4600
1.00,GRD,009604,GEOL,4600
1.00,GRD,009516,GEOG,4600
3.00,GRD,011269,MUS,4600
4.00,GRD,059400,WRWS,4600
3.00,GRD,011962,PSYC,4590
3.00,GRD,012801,TED,4590
3.00,GRD,058501,BLST,4580
3.00,GRD,058499,CMST,4580
3.00,GRD,011268,MUS,4580
3.00,GRD,056687,IASC,4580
3.00,GRD,056687,CYBR,4580
3.00,GRD,012799,TED,4570
3.00,GRD,058227,FNBK,4570
3.00,GRD,011267,MUS,4570
3.00,GRD,057568,CMST,4570
3.00,GRD,011960,PSYC,4560
6.00,GRD,012176,RLS,4560
3.00,GRD,012537,CMST,4560
3.00,GRD,059401,GERO,4560
3.00,GRD,009915,HIST,4560
3.00,GRD,010797,MATH,4560
3.00,GRD,011266,MUS,4560
3.00,GRD,008591,CSCI,4560
3.00,SUS,007505,BIOL,4550
3.00,GRD,008254,CRCJ,4550
6.00,GRD,012175,RLS,4550
3.00,GRD,009515,GEOG,4550
3.00,GRD,012536,CMST,4550
3.00,GRD,009678,GERO,4550
3.00,GRD,050065,WGST,4550
3.00,GRD,009821,HED,4550
3.00,GRD,009914,HIST,4550
3.00,GRD,012255,SOC,4550
3.00,GRD,011264,MUS,4550
3.00,GRD,058344,PHYS,4550
3.00,GRD,011958,PSYC,4544
3.00,GRD,009603,GEOL,4540
1.00,GRD,058058,SCMT,4540
3.00,GRD,011263,MUS,4540
1.00,GRD,058059,MKT,4540
3.00,GRD,008011,CIST,4540
3.00,GRD,057882,IASC,4540
3.00,GRD,057882,CYBR,4540
1.00,CNC,007258,ART,4530
3.00,GRD,012534,CMST,4530
3.00,GRD,058510,PSYC,4530
1.00,GRD,057453,MGMT,4530
1.00,GRD,057453,ENTR,4530
3.00,GRD,009913,HIST,4530
3.00,GRD,055288,PA,4530
3.00,GRD,058589,GERO,4520
3.00,GRD,009912,HIST,4520
1.00,GRD,056798,MGMT,4520
3.00,GRD,009676,GERO,4510
3.00,GRD,056450,SOWK,4510
3.00,GRD,056449,COUN,4510
1.00,GRD,007023,ACCT,4510
3.00,GRD,058036,PSYC,4510
3.00,GRD,012532,CMST,4510
1.00,GRD,010987,MGMT,4510
1.00,GRD,011049,MKT,4510
1.00,GRD,009396,FNBK,4510
3.00,GRD,008253,CRCJ,4510
3.00,GRD,007932,CHEM,4510
1.00,GRD,008907,ECON,4510
1.00,GRD,010728,LAWS,4510
3.00,GRD,012615,SPED,4510
1.00,GRD,012147,RELU,4510
3.00,GRD,011413,PA,4510
1.00,GRD,057949,BIOI,4510
1.00,GRD,057948,ITIN,4510
3.00,GRD,007256,ART,4510
3.00,GRD,008773,THEA,4510
1.00,GRD,010550,ISQA,4510
3.00,GRD,011412,PA,4500
3.00,GRD,008397,CONE,4500
1.00,GRD,007022,ACCT,4500
3.00,GRD,012614,SPED,4500
3.00,GRD,011573,PE,4500
3.00,GRD,057241,ECEN,4500
3.00,GRD,008252,CRCJ,4500
2.00,GRD,008906,ECON,4500
1.00,GRD,010986,MGMT,4500
1.00,GRD,010727,LAWS,4500
1.00,GRD,012146,RELU,4500
2.00,GRD,007433,FNBK,4500
3.00,GRD,011861,PSCI,4500
2.00,GRD,011048,MKT,4500
1.00,GRD,057950,BIOI,4500
3.00,GRD,008587,CSCI,4500
1.00,GRD,056766,ITIN,4500
3.00,GRD,058343,PHYS,4500
2.00,GRD,010549,ISQA,4500
3.00,GRD,058804,BIOL,4490
3.00,GRD,012613,SPED,4490
3.00,GRD,009674,GERO,4480
3.00,GRD,058095,SPED,4480
3.00,GRD,010984,MGMT,4480
3.00,GRD,056584,SPED,4470
3.00,GRD,009677,GERO,4470
3.00,GRD,011953,PSYC,4470
3.00,GRD,008585,CSCI,4470
3.00,GRD,012611,SPED,4460
3.00,GRD,009673,GERO,4460
3.00,GRD,011952,PSYC,4460
3.00,GRD,012145,RELU,4460
3.00,GRD,009909,HIST,4460
3.00,GRD,057719,JMC,4460
3.00,GRD,056670,CYBR,4460
1.00,GRD,057316,BIOL,4454
3.00,GRD,012610,SPED,4450
3.00,GRD,056319,HIST,4450
3.00,GRD,008905,ECON,4450
3.00,GRD,056866,FSMT,4450
3.00,GRD,011951,PSYC,4450
3.00,GRD,057718,JMC,4450
2.00,GRD,011257,MUS,4450
3.00,GRD,059825,STAT,4450
3.00,GRD,059823,MATH,4450
3.00,GRD,007503,BIOL,4450
1.00,GRD,012345,SOWK,4450
3.00,GRD,058299,MGMT,4450
3.00,GRD,059351,SCMT,4450
3.00,GRD,008584,CSCI,4450
3.00,GRD,054053,IASC,4450
3.00,GRD,054053,CYBR,4450
4.00,GRD,007502,BIOL,4440
3.00,GRD,057720,STAT,4440
1.00,GRD,007252,ART,4440
3.00,GRD,009099,ECEN,4440
3.00,GRD,008771,THEA,4440
3.00,GRD,012143,RELU,4440
3.00,GRD,011950,PSYC,4440
3.00,GRD,010982,MGMT,4440
3.00,GRD,059642,CNST,4440
3.00,GRD,011255,MUS,4440
3.00,GRD,058473,NAMS,4440
3.00,GRD,057405,ITIN,4440
3.00,GRD,008583,CSCI,4440
3.00,GRD,059601,CYBR,4440
3.00,GRD,008755,THEA,4430
3.00,GRD,012608,SPED,4430
3.00,GRD,057505,STAT,4430
3.00,GRD,010684,JMC,4430
3.00,GRD,011254,MUS,4430
3.00,GRD,059510,CYBR,4430
3.00,GRD,012607,SPED,4420
3.00,GRD,058898,BIOL,4420
3.00,GRD,012170,RLS,4420
3.00,GRD,009672,GERO,4420
3.00,GRD,055926,HED,4420
3.00,GRD,058303,JMC,4420
3.00,GRD,011047,MKT,4420
3.00,GRD,007249,ART,4420
3.00,GRD,057913,STAT,4420
5.00,GRD,012344,SOWK,4420
3.00,GRD,011409,PA,4410
3.00,GRD,010682,JMC,4410
3.00,GRD,009225,ENGL,4410
3.00,GRD,012140,RELU,4410
3.00,GRD,057696,ENVN,4410
3.00,GRD,057691,BIOL,4410
3.00,GRD,009884,HIST,4410
3.00,GRD,007248,ART,4410
5.00,GRD,012343,SOWK,4410
3.00,GRD,057503,STAT,4410
1.00,GRD,007930,CHEM,4404
1.00,GRD,054015,COUN,4400
3.00,GRD,007929,CHEM,4400
3.00,GRD,055925,HED,4400
3.00,GRD,009907,HIST,4400
3.00,GRD,009602,GEOL,4400
3.00,GRD,012139,RELU,4400
3.00,GRD,012342,SOWK,4400
3.00,GRD,010681,JMC,4400
3.00,GRD,011407,PA,4390
3.00,GRD,012604,SPED,4390
3.00,GRD,012138,RELU,4390
3.00,GRD,007670,JMC,4390
3.00,GRD,007500,BIOL,4390
4.00,GRD,007499,BIOL,4380
3.00,GRD,012603,SPED,4380
3.00,GRD,058692,SCMT,4380
3.00,GRD,011046,MKT,4380
3.00,GRD,007675,JMC,4380
3.00,GRD,010548,ISQA,4380
3.00,GRD,056731,CYBR,4380
3.00,GRD,008582,CSCI,4380
3.00,GRD,009224,ENGL,4370
3.00,GRD,012602,SPED,4370
3.00,GRD,059623,SCMT,4370
3.00,GRD,012795,TED,4370
3.00,GRD,058720,ECEN,4360
3.00,GRD,011572,PE,4360
3.00,GRD,012341,SOWK,4360
3.00,GRD,008580,IASC,4360
3.00,GRD,008580,CYBR,4360
3.00,GRD,011857,PSCI,4350
4.00,GRD,012601,SPED,4350
3.00,GRD,008251,CRCJ,4350
4.00,GRD,007797,ECEN,4350
3.00,GRD,009671,GERO,4350
3.00,GRD,058229,SCMT,4350
3.00,GRD,057163,SOC,4350
3.00,GRD,011778,PHYS,4350
3.00,GRD,011571,PE,4350
6.00,GRD,012794,TED,4350
3.00,GRD,059363,ART,4350
3.00,GRD,008579,CSCI,4350
3.00,GRD,011856,PSCI,4340
3.00,GRD,012793,TED,4340
3.00,GRD,009513,GEOG,4340
3.00,GRD,008770,THEA,4340
3.00,GRD,009222,ENGL,4340
3.00,GRD,011044,MKT,4340
3.00,GRD,010980,MGMT,4340
3.00,GRD,011570,PE,4340
3.00,GRD,007246,ART,4340
3.00,GRD,008322,CNST,4340
3.00,GRD,008904,ECON,4340
3.00,GRD,012600,SPED,4330
3.00,GRD,010794,MATH,4330
3.00,GRD,058224,MGMT,4330
4.00,GRD,007796,CEEN,4330
4.00,GRD,007796,ECEN,4330
3.00,GRD,008769,THEA,4330
3.00,GRD,009904,HIST,4330
3.00,GRD,057875,NEUR,4330
3.00,GRD,011543,PE,4330
4.00,GRD,059680,GEOL,4330
4.00,GRD,009512,GEOG,4330
3.00,GRD,007244,ART,4330
3.00,GRD,012792,TED,4330
3.00,GRD,012599,SPED,4320
3.00,GRD,007494,BIOL,4320
3.00,GRD,011947,PSYC,4320
3.00,GRD,011569,PE,4320
3.00,GRD,012791,TED,4320
3.00,GRD,058912,MATH,4320
3.00,GRD,009220,ENGL,4320
3.00,GRD,008767,THEA,4320
3.00,GRD,009511,GEOG,4320
3.00,GRD,011043,MKT,4320
3.00,GRD,007242,ART,4320
3.00,GRD,008903,ECON,4320
3.00,GRD,011853,PSCI,4310
3.00,GRD,057774,SOC,4310
1.00,GRD,054014,COUN,4310
3.00,GRD,007928,CHEM,4310
3.00,GRD,058608,TED,4310
3.00,GRD,058169,ENVN,4310
3.00,GRD,012598,SPED,4310
3.00,GRD,008765,THEA,4310
3.00,GRD,011533,PE,4310
3.00,GRD,010793,MATH,4310
4.00,GRD,056937,WRWS,4310
3.00,GRD,011946,PSYC,4310
3.00,GRD,007672,JMC,4310
3.00,GRD,007241,ART,4310
3.00,GRD,008578,CSCI,4310
3.00,GRD,007068,AE,4300
3.00,GRD,057128,PHYS,4300
1.00,GRD,054013,COUN,4300
3.00,GRD,058294,MUS,4300
3.00,GRD,010792,MATH,4300
3.00,GRD,056870,ECEN,4300
3.00,GRD,056862,FSMT,4300
3.00,GRD,012167,RLS,4300
3.00,GRD,011405,PA,4300
3.00,GRD,011042,MKT,4300
4.00,GRD,050098,WRWS,4300
3.00,GRD,008902,ECON,4300
3.00,GRD,007240,ART,4300
3.00,GRD,010545,ISQA,4300
3.00,GRD,008577,CSCI,4300
1.00,GRD,011250,MUS,4290
3.00,GRD,012788,TED,4290
3.00,GRD,057362,PSCI,4290
3.00,GRD,058878,LLS,4280
3.00,GRD,011852,PSCI,4280
3.00,GRD,056578,ECEN,4280
3.00,GRD,055928,HED,4280
3.00,GRD,011945,PSYC,4280
3.00,GRD,007492,BIOL,4280
3.00,GRD,012787,TED,4280
3.00,GRD,058191,ENVN,4270
3.00,GRD,011944,PSYC,4270
3.00,GRD,007491,BIOL,4270
3.00,GRD,010790,MATH,4270
3.00,GRD,058192,PSCI,4270
3.00,GRD,009217,ENGL,4260
3.00,GRD,007145,ANTH,4260
3.00,GRD,058174,BIOL,4260
3.00,GRD,057994,PSCI,4260
3.00,GRD,007636,BLST,4260
3.00,GRD,050062,WGST,4260
4.00,GRD,009601,GEOL,4260
3.00,GRD,010679,JMC,4260
4.00,GRD,009510,GEOG,4260
3.00,GRD,012785,TED,4260
3.00,GRD,008576,CSCI,4260
4.00,GRD,007067,AE,4250
1.00,GRD,055608,BIOL,4250
3.00,GRD,056672,PSCI,4250
3.00,GRD,058587,ANTH,4250
4.00,GRD,058767,CHEM,4250
3.00,GRD,050061,WGST,4250
3.00,GRD,009216,ENGL,4250
3.00,GRD,010678,JMC,4250
3.00,GRD,012253,SOC,4250
3.00,GRD,011943,PSYC,4250
3.00,GRD,012784,TED,4250
3.00,GRD,008575,CSCI,4250
3.00,GRD,056755,PSCI,4240
3.00,GRD,055533,BIOL,4240
3.00,GRD,058517,ANTH,4240
5.00,GRD,012594,SPED,4240
3.00,GRD,010789,MATH,4240
3.00,GRD,012166,RLS,4240
3.00,GRD,058472,NAMS,4240
3.00,GRD,059618,ENGL,4240
3.00,GRD,010677,JMC,4240
3.00,GRD,011931,PSYC,4234
3.00,GRD,007490,BIOL,4230
3.00,GRD,011930,PSYC,4230
3.00,GRD,007926,CHEM,4230
3.00,GRD,058253,MGMT,4230
3.00,GRD,009508,GEOG,4230
3.00,GRD,012593,SPED,4230
3.00,GRD,009215,ENGL,4230
3.00,GRD,010788,MATH,4230
3.00,GRD,011777,PHYS,4230
2.00,GRD,057710,BIOT,4230
3.00,GRD,007143,ANTH,4220
3.00,GRD,058160,RELI,4220
3.00,GRD,058503,MUS,4220
3.00,GRD,010724,LAWS,4220
3.00,GRD,059505,MKT,4220
3.00,GRD,010675,JMC,4220
3.00,GRD,011776,PHYS,4220
3.00,GRD,056315,CMST,4220
3.00,GRD,010977,MGMT,4220
3.00,GRD,058706,TED,4220
3.00,GRD,008574,CSCI,4220
3.00,GRD,011929,PSYC,4214
3.00,GRD,007488,BIOL,4210
3.00,GRD,011928,PSYC,4210
3.00,GRD,007142,ANTH,4210
3.00,GRD,008249,CRCJ,4210
3.00,GRD,056915,PSCI,4210
3.00,GRD,011249,MUS,4210
3.00,GRD,059397,SOC,4210
3.00,GRD,058963,MKT,4210
3.00,GRD,011775,PHYS,4210
3.00,GRD,008897,ECON,4210
3.00,GRD,058717,TED,4210
1.00,GRD,057709,BIOT,4210
4.00,GRD,050097,WRWS,4210
3.00,GRD,011404,PA,4206
3.00,GRD,010906,MENG,4200
3.00,GRD,057216,SOC,4200
3.00,GRD,011850,PSCI,4200
3.00,GRD,008321,CNST,4200
3.00,GRD,058156,RELI,4200
3.00,GRD,011248,MUS,4200
1.00,GRD,007381,AVN,4200
4.00,GRD,050096,WRWS,4200
3.00,SUS,056395,EMGT,4200
3.00,GRD,011566,PE,4200
3.00,GRD,055296,NEUR,4200
3.00,GRD,056162,MKT,4200
3.00,GRD,011774,PHYS,4200
3.00,GRD,059632,BMCH,4200
3.00,GRD,007066,AE,4200
1.00,GRD,057708,BIOT,4200
3.00,GRD,010543,ISQA,4200
1.00,GRD,011247,MUS,4190
3.00,GRD,011849,PSCI,4190
3.00,GRD,012531,CMST,4190
3.00,GRD,056145,ART,4190
1.00,GRD,057707,BIOT,4190
3.00,GRD,010542,ISQA,4190
3.00,GRD,056144,ART,4180
3.00,GRD,011848,PSCI,4180
3.00,GRD,012530,CMST,4180
3.00,GRD,057679,SPED,4180
3.00,GRD,009900,HIST,4180
1.00,GRD,057706,BIOT,4180
3.00,GRD,056143,ART,4170
3.00,GRD,011847,PSCI,4170
3.00,GRD,008396,CONE,4170
3.00,GRD,012529,CMST,4170
3.00,GRD,009882,HIST,4170
3.00,GRD,009439,FREN,4170
4.00,GRD,057705,BIOT,4170
3.00,GRD,056142,ART,4160
3.00,GRD,009507,GEOG,4160
3.00,GRD,012528,CMST,4160
0.00,GRD,011246,MUS,4160
3.00,GRD,009899,HIST,4160
3.00,GRD,059435,SCMT,4160
3.00,GRD,056220,ISQA,4160
4.00,GRD,007065,AE,4150
3.00,GRD,056141,ART,4150
3.00,GRD,012527,CMST,4150
3.00,GRD,009437,FREN,4150
3.00,GRD,012248,SOC,4150
3.00,GRD,007429,FNBK,4150
3.00,GRD,012589,SPED,4150
3.00,GRD,010976,MGMT,4150
3.00,GRD,009506,GEOG,4150
3.00,GRD,059731,ENTR,4150
3.00,GRD,050060,WGST,4150
3.00,GRD,058172,BIOL,4150
3.00,GRD,011562,PE,4150
3.00,GRD,010787,MATH,4150
3.00,GRD,008573,CSCI,4150
3.00,GRD,057703,BIOT,4150
3.00,GRD,010539,ISQA,4150
4.00,GRD,007486,BIOL,4140
3.00,GRD,057035,PSCI,4140
3.00,GRD,012526,CMST,4140
3.00,GRD,009881,HIST,4140
3.00,GRD,012247,SOC,4140
3.00,GRD,007237,ART,4140
3.00,GRD,007864,CONE,4140
3.00,GRD,010466,INST,4140
3.00,GRD,059845,NAMS,4140
3.00,GRD,057702,BIOT,4140
4.00,GRD,007485,BIOL,4130
0.00,GRD,011224,MUS,4130
3.00,GRD,055742,CMST,4130
3.00,GRD,008248,CRCJ,4130
3.00,GRD,009898,HIST,4130
3.00,GRD,012246,SOC,4130
3.00,GRD,009813,HED,4130
3.00,GRD,007200,ART,4130
3.00,GRD,057699,BIOT,4130
3.00,GRD,054017,ISQA,4130
3.00,GRD,007484,BIOL,4120
3.00,GRD,011846,PSCI,4120
3.00,GRD,058632,CMST,4120
3.00,GRD,057161,TED,4120
3.00,GRD,009503,GEOG,4120
3.00,GRD,010786,MATH,4120
3.00,GRD,059564,WGST,4120
3.00,GRD,059565,BLST,4120
0.00,GRD,011164,MUS,4120
3.00,GRD,010975,MGMT,4120
3.00,GRD,007063,AE,4120
3.00,GRD,007129,AERO,4120
3.00,GRD,008860,ISQA,4120
3.00,GRD,054728,CNST,4110
3.00,GRD,012587,SPED,4110
3.00,GRD,010785,MATH,4110
3.00,GRD,012525,CMST,4110
3.00,GRD,010974,MGMT,4110
4.00,GRD,059648,BIOL,4110
3.00,GRD,007127,AERO,4110
3.00,GRD,057695,BIOT,4110
3.00,GRD,008859,ISQA,4110
4.00,GRD,050095,WRWS,4110
0.00,GRD,011223,MUS,4100
3.00,GRD,012165,RLS,4100
3.00,GRD,059550,BMCH,4100
3.00,GRD,011402,PA,4100
3.00,GRD,010973,MGMT,4100
4.00,GRD,057694,BIOT,4100
3.00,GRD,010538,ISQA,4100
4.00,GRD,050094,WRWS,4100
1.00,GRD,056818,ENVN,4090
3.00,GRD,010972,MGMT,4090
3.00,GRD,054745,PSYC,4090
3.00,GRD,057808,ITIN,4090
3.00,GRD,007017,ACCT,4080
3.00,GRD,007379,AVN,4080
3.00,GRD,056801,PE,4080
1.00,GRD,057693,BIOT,4080
3.00,GRD,011927,PSYC,4074
3.00,GRD,011926,PSYC,4070
3.00,GRD,057742,RLS,4070
3.00,GRD,058056,WGST,4070
3.00,GRD,007016,ACCT,4070
3.00,GRD,011561,PE,4070
3.00,GRD,008247,CRCJ,4060
3.00,GRD,007378,AVN,4060
3.00,GRD,009088,ECEN,4060
3.00,GRD,050059,WGST,4060
3.00,GRD,009818,HED,4060
3.00,GRD,009896,HIST,4060
3.00,GRD,056402,EMGT,4060
3.00,GRD,007015,ACCT,4060
3.00,GRD,009255,ENGL,4060
3.00,GRD,059968,SPAN,4060
1.00,GRD,057692,BIOT,4060
3.00,GRD,011845,PSCI,4050
3.00,GRD,007377,AVN,4050
3.00,GRD,050058,WGST,4050
3.00,GRD,055907,HED,4050
3.00,GRD,012948,THEA,4050
3.00,GRD,058592,EMGT,4050
4.00,GRD,009501,GEOG,4050
3.00,GRD,009895,HIST,4050
3.00,GRD,009436,FREN,4050
3.00,GRD,010784,MATH,4050
1.00,GRD,007482,BIOL,4050
3.00,GRD,010964,MGMT,4050
3.00,GRD,059687,SOWK,4050
3.00,GRD,011844,PSCI,4040
3.00,GRD,012356,SOWK,4040
3.00,GRD,056290,HIST,4040
3.00,GRD,007014,ACCT,4040
3.00,GRD,012471,SPAN,4040
3.00,GRD,009435,FREN,4040
3.00,GRD,058630,JMC,4040
3.00,GRD,010971,MGMT,4040
1.00,GRD,011023,MILS,4040
1.00,GRD,007481,BIOL,4040
3.00,GRD,009817,HED,4040
3.00,GRD,011843,PSCI,4030
1.00,GRD,007480,BIOL,4030
3.00,GRD,057595,WGST,4030
2.00,GRD,007376,AVN,4030
3.00,GRD,012470,SPAN,4030
3.00,GRD,010783,MATH,4030
3.00,GRD,009434,FREN,4030
1.00,GRD,012947,THEA,4030
1.00,GRD,011022,MILS,4030
3.00,GRD,011925,PSYC,4024
3.00,GRD,011924,PSYC,4020
3.00,GRD,058595,EMGT,4020
3.00,GRD,058969,ART,4020
1.00,GRD,050056,WGST,4020
3.00,GRD,007375,AVN,4020
3.00,GRD,009498,GEOG,4020
1.00,GRD,008761,THEA,4020
3.00,GRD,012114,RELI,4020
3.00,GRD,010970,MGMT,4020
2.00,GRD,011021,MILS,4020
3.00,GRD,012334,SOWK,4020
3.00,GRD,050055,WGST,4010
3.00,GRD,007374,AVN,4010
3.00,GRD,009497,GEOG,4010
3.00,GRD,007012,ACCT,4010
3.00,GRD,012113,RELI,4010
6.00,GRD,011560,PE,4010
3.00,GRD,011940,PSYC,4010
3.00,GRD,010969,MGMT,4010
1.00,GRD,008760,THEA,4010
3.00,GRD,007231,ART,4010
2.00,GRD,011020,MILS,4010
3.00,GRD,008415,COUN,4010
3.00,GRD,012583,SPED,4010
3.00,GRD,057923,MATH,4010
3.00,GRD,010674,JMC,4010
3.00,GRD,010537,ISQA,4010
3.00,GRD,057925,CSCI,4010
1.00,GRD,011019,MILS,4000
1.00,GRD,008895,ECON,4000
1.00,GRD,007230,ART,4000
1.00,GRD,007373,AVN,4000
3.00,GRD,058040,SPED,4000
1.00,GRD,007428,FNBK,4000
1.00,GRD,058190,RELI,4000
3.00,GRD,011559,PE,4000
1.00,GRD,010968,MGMT,4000
1.00,GRD,011221,MUS,4000
3.00,GRD,055667,NEUR,4000
1.00,GRD,011039,MKT,4000
3.00,GRD,050093,WRWS,4000
3.00,GRD,009814,HED,4000
1.00,GRD,056197,ITIN,4000
3.00,GRD,007692,BSAD,4000
3.00,GRD,057045,PHIL,4000
3.00,GRD,012777,TED,4000
1.00,GRD,010535,ISQA,4000
0.00,SUS,008571,CSCI,4000
3.00,GRD,050092,WRWS,3990
3.00,GRD,007632,BLST,3990
1.00,GRD,009086,ECEN,3990
3.00,GRD,007631,BLST,3980
3.00,GRD,009208,ENGL,3980
3.00,SUS,008245,CRCJ,3970
1.00,SUS,010673,JMC,3970
3.00,GRD,010270,HONR,3970
1.00,GRD,012112,RELI,3960
1.00,GRD,011722,PHIL,3960
3.00,GRD,012240,SOC,3950
3.00,GRD,010720,LAWS,3940
2.00,GRD,011352,NSCI,3940
3.00,GRD,009496,GEOG,3930
3.00,GRD,010719,LAWS,3930
3.00,GRD,007629,BLST,3920
3.00,GRD,011840,PSCI,3920
3.00,GRD,057210,ANTH,3920
1.00,GRD,007793,CEEN,3920
1.00,GRD,007793,ECEN,3920
3.00,GRD,007140,ANTH,3910
3.00,GRD,059650,ART,3910
3.00,GRD,010556,ISQA,3910
3.00,GRD,012239,SOC,3900
1.00,GRD,008306,LLS,3900
3.00,GRD,011557,PE,3900
3.00,GRD,060066,ISQA,3900
3.00,GRD,012332,SOWK,3890
3.00,GRD,012238,SOC,3850
3.00,GRD,010782,MATH,3850
3.00,GRD,058296,CSCI,3850
3.00,GRD,012237,SOC,3840
3.00,GRD,007477,BIOL,3830
3.00,GRD,008568,CSCI,3830
3.00,GRD,012236,SOC,3820
3.00,GRD,012234,SOC,3800
3.00,GRD,011751,PHYS,3800
3.00,GRD,059361,PE,3800
3.00,GRD,058636,SPED,3800
3.00,GRD,012733,STAT,3800
3.00,GRD,057939,ART,3800
1.00,SUS,060253,BIOL,3800
3.00,GRD,008317,CNST,3790
3.00,GRD,011553,PE,3790
3.00,GRD,007229,ART,3780
3.00,GRD,011552,PE,3780
3.00,GRD,007856,CONE,3780
3.00,GRD,008316,CNST,3780
3.00,GRD,058865,ENGL,3770
3.00,GRD,011551,PE,3770
1.00,GRD,007056,AE,3770
3.00,GRD,007228,ART,3770
3.00,GRD,007227,ART,3760
3.00,GRD,012945,THEA,3760
3.00,GRD,011768,PHYS,3760
3.00,GRD,011550,PE,3760
3.00,GRD,008778,THEA,3750
3.00,GRD,012524,CMST,3750
3.00,GRD,050054,WGST,3750
3.00,GRD,012776,TED,3750
3.00,GRD,011767,PHYS,3750
3.00,GRD,007281,ART,3750
3.00,GRD,009137,MENG,3730
3.00,GRD,007475,BIOL,3730
3.00,GRD,058972,ART,3730
3.00,GRD,011547,PE,3730
3.00,GRD,011545,PE,3720
3.00,GRD,007925,CHEM,3710
3.00,GRD,010979,MGMT,3710
3.00,GRD,010979,ENTR,3710
3.00,GRD,008547,CSCI,3710
3.00,GRD,007372,AVN,3700
3.00,GRD,011839,PSCI,3700
3.00,GRD,055946,JMC,3700
3.00,GRD,057996,SOC,3700
3.00,GRD,007271,ART,3700
1.00,GRD,008405,COOP,3700
3.00,GRD,009597,GEOL,3700
3.00,GRD,007423,FNBK,3700
3.00,GRD,011721,PHIL,3700
3.00,GRD,011400,PA,3700
3.00,GRD,056663,ILUN,3695
3.00,GRD,012233,SOC,3690
3.00,GRD,055816,ILUN,3690
3.00,GRD,012775,TED,3690
3.00,GRD,055815,ILUN,3685
3.00,GRD,055814,ILUN,3680
3.00,GRD,011838,PSCI,3680
3.00,GRD,056686,FSMT,3680
3.00,GRD,057172,LLS,3680
3.00,GRD,056009,ILUN,3677
3.00,GRD,055813,ILUN,3675
1.00,GRD,057962,BIOL,3670
1.00,GRD,010412,ENVN,3670
3.00,GRD,008758,THEA,3660
3.00,GRD,010411,ENVN,3660
3.00,GRD,057961,BIOL,3660
2.00,GRD,011212,MUS,3660
3.00,GRD,060062,ILUN,3660
3.00,GRD,008567,CSCI,3660
1.00,GRD,007922,CHEM,3654
3.00,GRD,055810,ILUN,3650
0.00,CNC,057766,MUS,3650
3.00,GRD,007921,CHEM,3650
3.00,GRD,007626,BLST,3650
3.00,GRD,058078,GERM,3650
3.00,GRD,007422,FNBK,3650
3.00,GRD,011723,PHIL,3650
3.00,GRD,010776,MATH,3640
3.00,CNC,057342,MUS,3640
3.00,GRD,056008,ILUN,3640
5.00,GRD,011209,MUS,3630
3.00,GRD,060026,ILUN,3630
3.00,GRD,056006,ILUN,3620
4.00,GRD,007792,ECEN,3620
3.00,GRD,007225,ART,3620
3.00,GRD,010671,JMC,3620
3.00,GRD,060061,ILUN,3615
3.00,GRD,012231,SOC,3610
3.00,GRD,007224,ART,3610
4.00,GRD,007792,CEEN,3610
5.00,GRD,011207,MUS,3610
3.00,GRD,011038,MKT,3610
3.00,GRD,059704,ILUN,3610
3.00,GRD,009206,ENGL,3610
3.00,GRD,007371,AVN,3600
5.00,GRD,011206,MUS,3600
4.00,GRD,059386,WRWS,3600
3.00,GRD,011399,PA,3600
3.00,GRD,011719,PHIL,3600
3.00,GRD,054889,PHYS,3600
3.00,GRD,056904,BSAD,3600
3.00,GRD,008893,ECON,3600
3.00,GRD,057916,IASC,3600
3.00,GRD,057916,CYBR,3600
3.00,GRD,009627,GERM,3580
3.00,GRD,011835,PSCI,3580
3.00,GRD,054737,CYBR,3570
1.00,GRD,011766,PHYS,3564
3.00,GRD,008590,CSCI,3550
3.00,GRD,007791,ECEN,3550
3.00,GRD,012774,TED,3550
1.00,GRD,011764,PHYS,3544
3.00,GRD,011937,PSYC,3540
2.00,GRD,009494,GEOG,3540
3.00,GRD,007223,ART,3530
2.00,GRD,009493,GEOG,3530
4.00,GRD,007473,BIOL,3530
1.00,GRD,011762,PHYS,3524
3.00,GRD,011936,PSYC,3520
3.00,GRD,007221,ART,3520
4.00,GRD,007790,ECEN,3520
3.00,GRD,009887,HIST,3520
3.00,GRD,012520,CMST,3520
3.00,GRD,010534,ISQA,3520
1.00,GRD,058288,SOC,3514
1.00,GRD,007919,CHEM,3514
1.00,GRD,057398,GEOG,3514
3.00,GRD,011935,PSYC,3510
3.00,GRD,009492,GEOG,3510
3.00,GRD,007220,ART,3510
3.00,GRD,008240,CRCJ,3510
3.00,GRD,012467,SPAN,3510
3.00,GRD,010967,MGMT,3510
3.00,GRD,011715,PHIL,3510
3.00,GRD,058037,CMST,3510
3.00,GRD,057847,BLST,3510
3.00,GRD,054882,CSCI,3510
3.00,GRD,057933,SOC,3510
1.00,GRD,011760,PHYS,3504
3.00,GRD,011833,PSCI,3500
3.00,GRD,059350,NEUR,3500
3.00,GRD,059349,BIOL,3500
3.00,GRD,059348,GERO,3500
1.00,GRD,010775,MATH,3500
3.00,GRD,010670,JMC,3500
3.00,GRD,012111,RELI,3500
3.00,GRD,012159,RLS,3500
3.00,GRD,009395,FNBK,3500
3.00,GRD,011714,PHIL,3500
3.00,GRD,008867,BSAD,3500
3.00,GRD,008867,SCMT,3500
3.00,GRD,057765,WRWS,3500
3.00,GRD,007437,BIOI,3500
3.00,GRD,011398,PA,3500
3.00,GRD,010966,MGMT,3490
3.00,GRD,011544,PE,3480
3.00,GRD,056004,ILUN,3470
3.00,GRD,012134,RELU,3460
3.00,GRD,012230,SOC,3450
3.00,GRD,011934,PSYC,3450
3.00,GRD,056002,ILUN,3450
3.00,GRD,012133,RELU,3450
4.00,GRD,056565,CEEN,3450
4.00,GRD,056565,ECEN,3450
3.00,GRD,011758,PHYS,3450
3.00,GRD,057175,CSCI,3450
3.00,GRD,009491,GEOG,3440
3.00,GRD,056885,CNST,3440
3.00,GRD,011933,PSYC,3430
3.00,GRD,012132,RELU,3430
3.00,GRD,007219,ART,3420
3.00,GRD,012466,SPAN,3420
3.00,GRD,010533,ISQA,3420
3.00,GRD,011932,PSYC,3410
3.00,GRD,007218,ART,3410
3.00,GRD,012465,SPAN,3410
3.00,GRD,011710,PHIL,3410
3.00,GRD,059357,SCMT,3410
3.00,GRD,010774,MATH,3400
2.00,GRD,011199,MUS,3400
3.00,GRD,007600,BLST,3400
2.00,GRD,007367,AVN,3400
3.00,GRD,054430,ENGL,3400
3.00,GRD,009593,GEOL,3400
3.00,GRD,010668,JMC,3400
3.00,GRD,007419,FNBK,3400
3.00,GRD,054001,RELI,3400
3.00,GRD,011709,PHIL,3400
3.00,GRD,010532,ISQA,3400
3.00,GRD,057206,WGST,3390
3.00,GRD,057934,MKT,3390
3.00,GRD,008238,CRCJ,3390
3.00,GRD,008237,CRCJ,3380
3.00,GRD,009097,ELEC,3380
3.00,GRD,009097,ECEN,3380
3.00,GRD,058077,GERM,3380
3.00,GRD,011036,MKT,3380
3.00,GRD,008236,CRCJ,3370
3.00,GRD,012212,RUSS,3370
3.00,GRD,007668,JMC,3370
3.00,GRD,011035,MKT,3370
3.00,GRD,008581,IASC,3370
3.00,GRD,008581,CYBR,3370
3.00,GRD,058715,ART,3370
1.00,GRD,007914,CHEM,3364
3.00,GRD,007216,ART,3360
3.00,GRD,011034,MKT,3360
3.00,GRD,007913,CHEM,3360
3.00,GRD,058339,CNST,3360
1.00,GRD,007912,CHEM,3354
3.00,GRD,056003,ILUN,3350
6.00,GRD,012771,TED,3350
3.00,GRD,007674,JMC,3350
3.00,GRD,011542,PE,3350
3.00,GRD,008235,CRCJ,3350
3.00,GRD,007911,CHEM,3350
3.00,GRD,058332,CNST,3350
3.00,GRD,056685,FSMT,3350
3.00,GRD,011033,MKT,3350
3.00,GRD,012330,SOWK,3350
3.00,GRD,008010,IASC,3350
3.00,GRD,008010,CYBR,3350
4.00,GRD,007472,BIOL,3340
3.00,GRD,011832,PSCI,3340
3.00,GRD,059360,ART,3340
3.00,GRD,009490,GEOG,3330
3.00,GRD,009394,FNBK,3330
3.00,GRD,007667,JMC,3330
3.00,GRD,058033,ART,3330
3.00,GRD,057566,ITIN,3330
3.00,GRD,007214,ART,3320
1.00,GRD,055979,ECEN,3320
3.00,GRD,007666,JMC,3320
3.00,GRD,011030,MKT,3320
3.00,GRD,008889,ECON,3320
3.00,GRD,008565,CSCI,3320
3.00,GRD,012329,SOWK,3320
3.00,GRD,008234,CRCJ,3310
3.00,GRD,007213,ART,3310
1.00,GRD,009591,GEOL,3310
3.00,GRD,009810,HED,3310
3.00,GRD,011029,MKT,3310
3.00,GRD,008314,CNST,3310
3.00,GRD,010530,ISQA,3310
2.00,GRD,007366,AVN,3304
3.00,GRD,012249,SOC,3300
3.00,GRD,058342,PHYS,3300
3.00,GRD,054432,ENGL,3300
3.00,GRD,009590,GEOL,3300
3.00,GRD,010771,MATH,3300
3.00,GRD,056461,PE,3300
3.00,GRD,007055,AE,3300
4.00,GRD,050091,WRWS,3300
3.00,GRD,059877,MGMT,3300
3.00,GRD,008888,ECON,3300
3.00,GRD,007212,ART,3300
3.00,GRD,010529,ISQA,3300
3.00,GRD,008564,CSCI,3300
3.00,GRD,056872,ENGL,3290
3.00,GRD,007788,ECEN,3280
3.00,GRD,009204,ENGL,3280
2.00,GRD,011756,PHYS,3260
3.00,GRD,011831,PSCI,3260
3.00,GRD,011705,PHIL,3250
3.00,GRD,009133,MENG,3250
3.00,GRD,058345,PSCI,3250
3.00,GRD,009624,GERM,3250
3.00,GRD,007417,FNBK,3250
3.00,GRD,011755,PHYS,3250
3.00,GRD,008886,ECON,3250
4.00,GRD,007787,CEEN,3250
4.00,GRD,007787,ECEN,3250
3.00,GRD,007471,BIOL,3240
3.00,GRD,058868,PSCI,3240
3.00,GRD,011830,PSCI,3230
3.00,GRD,056688,WGST,3230
3.00,GRD,007208,ART,3230
3.00,GRD,009488,GEOG,3230
3.00,GRD,010676,JMC,3230
3.00,GRD,010769,MATH,3230
3.00,GRD,011829,PSCI,3220
3.00,GRD,007138,ANTH,3220
3.00,GRD,012464,SPAN,3220
3.00,GRD,010665,JMC,3220
3.00,GRD,007053,AE,3220
3.00,GRD,008885,ECON,3220
3.00,GRD,007207,ART,3220
3.00,GRD,007137,ANTH,3210
3.00,GRD,007206,ART,3210
3.00,GRD,007909,CHEM,3210
3.00,GRD,011703,PHIL,3210
3.00,GRD,011702,PHIL,3200
3.00,GRD,010768,MATH,3200
3.00,GRD,007052,AE,3200
3.00,GRD,007205,ART,3200
1.00,CNC,007363,AVN,3200
3.00,GRD,012104,RELI,3200
3.00,GRD,011397,PA,3200
1.00,GRD,058928,MUS,3200
3.00,GRD,010963,MGMT,3200
3.00,GRD,010963,MKT,3200
3.00,GRD,056465,SPED,3200
3.00,GRD,008884,ECON,3200
4.00,GRD,050090,WRWS,3200
2.00,GRD,007362,AVN,3194
1.00,GRD,011198,MUS,3190
3.00,GRD,007361,AVN,3190
3.00,GRD,007857,CONE,3190
3.00,GRD,011701,PHIL,3180
3.00,GRD,011828,PSCI,3180
3.00,GRD,011197,MUS,3180
3.00,GRD,012462,SPAN,3180
3.00,GRD,057146,ITIN,3180
3.00,GRD,011196,MUS,3170
3.00,GRD,011827,PSCI,3170
3.00,GRD,056140,ART,3170
3.00,GRD,012102,RELI,3170
3.00,GRD,007204,ART,3160
1.00,GRD,012519,CMST,3160
3.00,GRD,007202,ART,3150
3.00,GRD,007360,AVN,3150
3.00,GRD,009207,ENGL,3150
3.00,GRD,056248,SPED,3150
1.00,GRD,012518,CMST,3150
3.00,GRD,007469,BIOL,3150
3.00,GRD,056574,FSMT,3140
3.00,GRD,011824,PSCI,3140
3.00,GRD,056869,LLS,3140
3.00,GRD,012517,CMST,3140
3.00,GRD,011538,PE,3140
3.00,GRD,012581,SPED,3140
3.00,GRD,011921,PSYC,3140
3.00,GRD,011698,PHIL,3140
3.00,GRD,007201,ART,3140
3.00,GRD,011823,PSCI,3130
3.00,GRD,056139,ART,3130
3.00,GRD,012580,SPED,3130
3.00,GRD,050049,WGST,3130
3.00,GRD,012516,CMST,3130
4.00,GRD,007786,CEEN,3130
4.00,GRD,007786,ECEN,3130
3.00,GRD,012100,RELI,3130
3.00,GRD,009203,ENGL,3130
3.00,GRD,011697,PHIL,3130
3.00,GRD,058349,PE,3130
3.00,GRD,008881,ECON,3130
3.00,GRD,011920,PSYC,3130
3.00,GRD,009487,GEOG,3130
3.00,GRD,007199,ART,3120
3.00,GRD,058348,PE,3120
3.00,GRD,050048,WGST,3120
3.00,GRD,012579,SPED,3120
3.00,GRD,007621,BLST,3120
3.00,GRD,011822,PSCI,3120
3.00,GRD,007126,AERO,3120
1.00,GRD,057275,SPED,3114
3.00,GRD,011692,PHIL,3110
3.00,GRD,012577,SPED,3110
3.00,GRD,010664,JMC,3110
3.00,GRD,058380,PE,3110
3.00,GRD,007198,ART,3110
3.00,GRD,007125,AERO,3110
3.00,GRD,012327,SOWK,3110
3.00,GRD,008007,CIST,3110
1.00,GRD,007468,BIOL,3104
3.00,GRD,007049,AE,3100
3.00,GRD,007197,ART,3100
4.00,GRD,007785,ECEN,3100
3.00,GRD,007467,BIOL,3100
3.00,GRD,012226,SOC,3100
3.00,GRD,012155,RLS,3100
3.00,GRD,008857,BSAD,3100
3.00,GRD,008857,MGMT,3100
3.00,GRD,012575,SPED,3100
4.00,GRD,050089,WRWS,3100
3.00,GRD,057753,CRCJ,3100
3.00,GRD,057325,CMST,3100
3.00,GRD,056163,ITIN,3100
3.00,GRD,011026,MKT,3100
3.00,GRD,010766,MATH,3100
3.00,GRD,008559,CSCI,3100
3.00,GRD,010417,HPER,3090
3.00,GRD,007359,AVN,3090
3.00,GRD,050047,WGST,3080
3.00,GRD,009809,HED,3080
3.00,GRD,056401,EMGT,3080
3.00,GRD,007010,ACCT,3080
3.00,GRD,007357,AVN,3070
1.00,GRD,007048,AE,3070
3.00,GRD,009808,HED,3070
3.00,GRD,011017,MILS,3070
3.00,GRD,009668,GERO,3070
3.00,GRD,008313,CNST,3060
3.00,GRD,058286,PHIL,3060
3.00,GRD,057936,SPAN,3060
3.00,GRD,009076,ECEN,3060
3.00,GRD,057938,GERM,3060
3.00,GRD,057937,FREN,3060
3.00,GRD,012098,RELI,3060
3.00,GRD,011534,PE,3060
3.00,GRD,007355,AVN,3060
3.00,GRD,009482,GEOG,3050
3.00,GRD,007008,ACCT,3050
3.00,GRD,050046,WGST,3050
3.00,GRD,009075,ECEN,3050
3.00,GRD,012210,RUSS,3050
3.00,GRD,012097,RELI,3050
3.00,GRD,011810,PSCI,3050
3.00,GRD,011695,PHIL,3050
3.00,GRD,011157,MUS,3050
3.00,GRD,008312,CNST,3050
3.00,GRD,056572,ENGL,3050
3.00,GRD,056409,TED,3050
3.00,GRD,007007,ACCT,3040
3.00,GRD,011820,PSCI,3040
3.00,GRD,056759,PHIL,3040
3.00,GRD,007353,AVN,3040
3.00,GRD,012460,SPAN,3040
3.00,GRD,009622,GERM,3040
3.00,GRD,056400,EMGT,3040
3.00,GRD,012209,RUSS,3040
3.00,GRD,009427,FREN,3040
3.00,GRD,011532,PE,3040
3.00,GRD,009074,ECEN,3040
3.00,GRD,009426,FREN,3030
3.00,GRD,007620,BLST,3030
3.00,GRD,009481,GEOG,3030
3.00,GRD,012096,RELI,3030
3.00,GRD,007006,ACCT,3030
0.00,CNC,057841,US,3030
3.00,GRD,009807,HED,3030
3.00,GRD,012459,SPAN,3030
3.00,GRD,009621,GERM,3030
3.00,GRD,007665,JMC,3030
3.00,GRD,012208,RUSS,3030
3.00,GRD,060004,HONR,3030
3.00,GRD,007466,BIOL,3020
3.00,GRD,007005,ACCT,3020
3.00,GRD,050045,WGST,3020
3.00,GRD,057999,SPAN,3020
3.00,GRD,058586,EMGT,3020
3.00,GRD,012572,SPED,3020
3.00,GRD,055953,FREN,3020
3.00,GRD,012095,RELI,3020
3.00,GRD,056573,FSMT,3020
3.00,GRD,011016,MILS,3020
3.00,GRD,010166,HONR,3020
3.00,GRD,012326,SOWK,3020
3.00,GRD,008751,THEA,3020
1.00,GRD,009470,GDRH,3010
3.00,GRD,011809,PSCI,3010
3.00,GRD,057998,SPAN,3010
0.00,CNC,058045,HONR,3010
3.00,GRD,011015,MILS,3010
3.00,GRD,011531,PE,3010
3.00,GRD,012093,RELI,3010
3.00,GRD,012325,SOWK,3010
0.00,NOG,011014,MILS,3000
3.00,GRD,007416,FNBK,3000
3.00,GRD,009480,GEOG,3000
1.00,GRD,011530,PE,3000
3.00,GRD,007196,ART,3000
3.00,GRD,007351,AVN,3000
1.00,GRD,050044,WGST,3000
3.00,GRD,007619,BLST,3000
3.00,GRD,009880,HIST,3000
1.00,GRD,012570,SPED,3000
3.00,GRD,058476,ACCT,3000
1.00,GRD,050087,WRWS,3000
3.00,GRD,059515,BMCH,3000
3.00,GRD,059487,SCMT,3000
3.00,GRD,010156,HONR,3000
1.00,GRD,009201,ENGL,3000
1.00,GRD,010465,INST,3000
3.00,GRD,011393,PA,3000
3.00,GRD,008231,CRCJ,3000
3.00,GRD,012324,SOWK,3000
3.00,GRD,012731,STAT,3000
3.00,GRD,007436,BIOI,3000
1.00,GRD,009806,HED,3000
3.00,GRD,008006,CIST,3000
1.00,GRD,012762,TED,3000
3.00,GRD,011818,PSCI,3000
1.00,GRD,007136,ANTH,2990
3.00,GRD,009879,HIST,2990
1.00,CNC,059007,ITIN,2990
3.00,GRD,056807,HIST,2980
1.00,GRD,008558,CSCI,2980
1.00,GRD,058070,IASC,2980
1.00,GRD,058070,CYBR,2980
1.00,GRD,007907,CHEM,2950
1.00,GRD,007906,CHEM,2930
1.00,GRD,007783,CEEN,2920
1.00,GRD,007783,ECEN,2920
3.00,GRD,008557,CIST,2910
3.00,GRD,007350,AVN,2900
3.00,GRD,009805,HED,2850
3.00,GRD,008556,CSCI,2850
4.00,GRD,007464,BIOL,2840
3.00,GRD,009874,HIST,2810
3.00,GRD,010733,LLS,2800
3.00,GRD,056236,MUS,2800
3.00,GRD,012225,SOC,2800
3.00,GRD,011528,PE,2800
4.00,GRD,060223,TED,2800
1.00,GRD,011173,MUS,2790
0.00,GRD,011169,MUS,2770
1.00,GRD,009587,GEOL,2764
0.00,GRD,011168,MUS,2760
3.00,GRD,009586,GEOL,2760
1.00,GRD,009585,GEOL,2754
3.00,GRD,009584,GEOL,2750
0.00,SUS,011167,MUS,2750
3.00,GRD,007334,AVN,2750
0.00,GRD,011166,MUS,2740
4.00,GRD,007463,BIOL,2740
1.00,GRD,011165,MUS,2730
3.00,GRD,009872,HIST,2710
3.00,GRD,059566,BLST,2710
3.00,GRD,007640,BLST,2700
0.00,GRD,011161,MUS,2700
1.00,GRD,008404,COOP,2700
3.00,GRD,011527,PE,2700
3.00,GRD,059553,BSAD,2700
1.00,CNC,011160,MUS,2690
3.00,GRD,009868,HIST,2620
3.00,GRD,059002,ART,2600
4.00,GRD,058916,WRWS,2600
3.00,GRD,009583,GEOL,2600
2.00,GRD,011156,MUS,2600
3.00,GRD,057868,BSAD,2600
3.00,GRD,011154,MUS,2560
3.00,GRD,011153,MUS,2550
1.00,GRD,009368,FLNG,2530
3.00,GRD,009864,HIST,2520
3.00,GRD,054727,CNST,2520
3.00,GRD,009198,ENGL,2520
3.00,GRD,008230,CRCJ,2510
3.00,GRD,007615,BLST,2510
3.00,GRD,007349,AVN,2510
3.00,GRD,009197,ENGL,2510
3.00,GRD,008311,CNST,2510
3.00,GRD,009863,HIST,2510
3.00,GRD,012944,THEA,2510
3.00,GRD,008545,CSCI,2510
3.00,GRD,012152,RLS,2500
3.00,GRD,011815,PSCI,2500
1.00,GRD,009582,GEOL,2500
3.00,GRD,007903,CHEM,2500
3.00,GRD,058705,EMGT,2500
3.00,GRD,011922,PSYC,2500
3.00,GRD,057455,RELI,2500
4.00,GRD,056593,BMCH,2500
3.00,GRD,059964,AVN,2500
3.00,GRD,059958,TED,2500
3.00,GRD,008002,CIST,2500
3.00,GRD,054461,ENGL,2490
3.00,GRD,009194,ENGL,2470
3.00,GRD,009193,ENGL,2460
3.00,GRD,009192,ENGL,2450
4.00,GRD,007462,BIOL,2440
3.00,GRD,012151,RLS,2440
3.00,GRD,011526,PE,2430
3.00,GRD,007624,BLST,2430
3.00,GRD,008310,CNST,2420
4.00,GRD,011150,MUS,2420
3.00,GRD,007614,BLST,2420
3.00,GRD,009190,ENGL,2420
3.00,GRD,008309,CNST,2410
3.00,GRD,012513,CMST,2410
3.00,GRD,056861,FSMT,2410
3.00,GRD,012129,RELU,2410
4.00,GRD,011149,MUS,2410
3.00,GRD,007613,BLST,2410
3.00,GRD,009191,ENGL,2410
1.00,GRD,007902,CHEM,2404
3.00,GRD,007047,AE,2400
3.00,GRD,057874,WRWS,2400
4.00,GRD,056462,BMCH,2400
3.00,GRD,007901,CHEM,2400
3.00,GRD,009189,ENGL,2400
3.00,GRD,010416,HPER,2400
6.00,GRD,058604,TED,2400
3.00,GRD,059359,ECON,2400
3.00,GRD,007664,JMC,2370
3.00,GRD,007611,BLST,2360
3.00,GRD,012808,TED,2360
3.00,GRD,009188,ENGL,2360
3.00,GRD,058353,TED,2350
3.00,GRD,010772,MATH,2350
3.00,GRD,011524,PE,2330
3.00,GRD,009186,ENGL,2320
3.00,GRD,008747,THEA,2320
3.00,GRD,007663,JMC,2320
3.00,GRD,011523,PE,2320
1.00,GRD,007124,AERO,2320
3.00,GRD,011814,PSCI,2310
3.00,GRD,008746,THEA,2310
3.00,GRD,009185,ENGL,2310
3.00,GRD,012783,TED,2310
3.00,GRD,011522,PE,2310
3.00,GRD,009804,HED,2310
1.00,GRD,007123,AERO,2310
3.00,GRD,010436,PHIL,2300
3.00,GRD,012091,RELI,2300
3.00,GRD,056934,FSMT,2300
3.00,GRD,059420,ART,2300
3.00,GRD,009581,GEOL,2300
3.00,GRD,008999,TED,2300
3.00,GRD,056575,JMC,2300
4.00,GRD,050086,WRWS,2300
3.00,GRD,009393,FNBK,2280
3.00,GRD,009183,ENGL,2280
2.00,GRD,007900,CHEM,2274
3.00,GRD,007609,BLST,2260
3.00,GRD,009181,ENGL,2260
3.00,GRD,007898,CHEM,2260
3.00,GRD,058330,CNST,2250
3.00,GRD,009180,ENGL,2250
3.00,GRD,007896,CHEM,2250
1.00,GRD,007782,CEEN,2250
1.00,GRD,007782,ECEN,2250
3.00,GRD,059362,IASC,2250
3.00,GRD,059362,CYBR,2250
3.00,GRD,012754,TED,2250
3.00,GRD,008539,CSCI,2240
3.00,GRD,009179,ENGL,2230
3.00,GRD,010764,MATH,2230
3.00,GRD,009130,MENG,2230
4.00,GRD,007779,CEEN,2220
4.00,GRD,007779,ECEN,2220
2.00,GRD,011518,PE,2220
3.00,GRD,056914,ITIN,2220
3.00,GRD,008878,ECON,2220
1.00,GRD,007895,CHEM,2214
3.00,GRD,011813,PSCI,2210
4.00,GRD,007894,CHEM,2210
3.00,GRD,008229,CRCJ,2210
2.00,GRD,011517,PE,2210
3.00,GRD,011027,MKT,2210
3.00,GRD,008394,CONE,2210
3.00,GRD,010763,MATH,2200
4.00,GRD,050085,WRWS,2200
3.00,GRD,012591,SPED,2200
3.00,GRD,056860,FSMT,2200
3.00,GRD,057997,ART,2200
3.00,GRD,010663,JMC,2200
3.00,GRD,012090,RELI,2200
3.00,GRD,009001,TED,2200
3.00,GRD,059514,BMCH,2200
3.00,GRD,008879,ECON,2200
3.00,GRD,009858,HIST,2190
3.00,GRD,012089,RELI,2190
3.00,GRD,012223,SOC,2190
3.00,GRD,007346,AVN,2184
1.00,GRD,007778,ECEN,2184
3.00,GRD,007345,AVN,2180
3.00,GRD,011812,PSCI,2180
3.00,GRD,007344,AVN,2174
3.00,GRD,007343,AVN,2170
3.00,GRD,011392,PA,2170
1.00,GRD,058862,CEEN,2170
1.00,GRD,058862,ECEN,2170
3.00,GRD,012088,RELI,2160
3.00,GRD,056393,TED,2160
3.00,GRD,010662,JMC,2160
3.00,GRD,009178,ENGL,2160
3.00,GRD,012087,RELI,2150
3.00,GRD,010661,JMC,2150
3.00,GRD,012221,SOC,2150
3.00,GRD,057076,ITIN,2150
2.00,GRD,057413,AVN,2144
4.00,GRD,007460,BIOL,2140
3.00,GRD,007777,CEEN,2140
3.00,GRD,007777,ECEN,2140
2.00,GRD,057412,AVN,2134
1.00,GRD,058474,SOC,2134
2.00,GRD,057091,MILS,2130
3.00,GRD,007690,BSAD,2130
3.00,GRD,007776,ECEN,2130
3.00,GRD,012220,SOC,2130
3.00,GRD,010463,INST,2130
2.00,GRD,057411,AVN,2124
1.00,GRD,055287,SPED,2124
3.00,GRD,010656,JAPN,2120
3.00,GRD,012568,SPED,2120
3.00,GRD,058039,SOC,2120
3.00,GRD,009469,GDRH,2120
3.00,GRD,012509,CMST,2120
4.00,GRD,058282,BIOL,2120
3.00,GRD,054006,PSCI,2120
4.00,GRD,058281,ENVN,2120
3.00,GRD,058522,LATN,2120
1.00,GRD,059364,HONR,2120
3.00,GRD,012455,SPAN,2120
3.00,GRD,009619,GERM,2120
3.00,GRD,009424,FREN,2120
3.00,GRD,057044,RELI,2120
3.00,GRD,012207,RUSS,2120
4.00,GRD,011745,PHYS,2120
2.00,GRD,011013,MILS,2120
3.00,GRD,012337,SOWK,2120
1.00,GRD,055286,SPED,2114
1.00,GRD,057410,AVN,2114
3.00,GRD,010655,JAPN,2110
3.00,GRD,007846,CONE,2110
3.00,GRD,012567,SPED,2110
3.00,GRD,058076,LATN,2110
3.00,GRD,009468,GDRH,2110
3.00,GRD,007190,ART,2110
3.00,GRD,009059,ELEC,2110
3.00,GRD,009059,ECEN,2110
3.00,GRD,008233,CRCJ,2110
3.00,GRD,056757,ENGL,2110
3.00,GRD,009618,GERM,2110
3.00,GRD,012454,SPAN,2110
3.00,GRD,011811,PSCI,2110
3.00,GRD,009423,FREN,2110
3.00,GRD,012206,RUSS,2110
4.00,GRD,011744,PHYS,2110
2.00,GRD,057409,AVN,2104
1.00,GRD,010660,JMC,2104
4.00,GRD,050084,WRWS,2100
3.00,GRD,012566,SPED,2100
3.00,GRD,007596,BLST,2100
3.00,GRD,012219,SOC,2100
0.00,SUS,059342,PSYC,2100
3.00,GRD,007161,ARCH,2100
3.00,GRD,007189,ART,2100
3.00,GRD,010659,JMC,2100
3.00,GRD,058080,BSAD,2100
3.00,GRD,009000,TED,2100
3.00,GRD,009578,GEOL,2100
3.00,GRD,008004,CIST,2100
2.00,GRD,011010,MILS,2080
3.00,GRD,009803,HED,2070
2.00,GRD,011009,MILS,2070
3.00,GRD,056888,CONE,2060
3.00,GRD,007186,ART,2060
3.00,GRD,058591,EMGT,2060
3.00,GRD,059633,TED,2060
3.00,GRD,050083,WRWS,2060
3.00,GRD,059882,BIOL,2060
3.00,GRD,011007,MILS,2050
3.00,GRD,056399,EMGT,2050
3.00,GRD,007185,ART,2050
3.00,GRD,010762,MATH,2050
3.00,GRD,007340,AVN,2050
3.00,GRD,059552,TED,2050
3.00,GRD,050082,WRWS,2050
3.00,GRD,054672,PHIL,2040
3.00,GRD,059770,HIST,2040
3.00,GRD,011691,PHIL,2030
3.00,GRD,010760,MATH,2030
3.00,GRD,008228,CRCJ,2030
3.00,GRD,050043,WGST,2030
3.00,GRD,009001,EDUC,2030
1.00,GRD,012943,THEA,2030
3.00,GRD,011742,PHYS,2030
3.00,GRD,055949,CSCI,2030
3.00,GRD,007339,AVN,2020
3.00,GRD,007003,ACCT,2020
3.00,GRD,050042,WGST,2020
0.00,NOG,056389,US,2020
3.00,GRD,056398,EMGT,2020
3.00,GRD,011004,MILS,2020
3.00,GRD,060173,COUN,2020
3.00,GRD,009000,EDUC,2020
3.00,GRD,055741,MTCH,2020
3.00,GRD,011689,PHIL,2010
3.00,GRD,012512,CMST,2010
3.00,GRD,050041,WGST,2010
1.00,GRD,009350,ENVN,2010
3.00,GRD,008999,EDUC,2010
3.00,GRD,007594,BLST,2010
3.00,GRD,010759,MTCH,2010
2.00,GRD,011012,MILS,2010
3.00,GRD,012093,RELI,2010
3.00,GRD,007002,ACCT,2010
3.00,GRD,011389,PA,2000
0.00,NOG,011002,MILS,2000
3.00,GRD,009667,GERO,2000
1.00,GRD,007135,ANTH,2000
1.00,CNC,011919,PSYC,2000
3.00,GRD,010883,MENG,2000
3.00,GRD,057364,ENGR,2000
3.00,GRD,050081,WRWS,2000
0.00,CNC,057456,ART,2000
3.00,GRD,011808,PSCI,2000
3.00,GRD,057387,JMC,2000
3.00,GRD,010405,ENVN,2000
3.00,GRD,057921,RELI,2000
3.00,GRD,057642,SCMT,2000
1.00,GRD,050040,WGST,2000
1.00,GRD,009177,ENGL,2000
3.00,GRD,056993,ACCT,2000
3.00,GRD,010758,MTCH,2000
3.00,GRD,057927,BIOI,2000
1.00,GRD,010523,ISQA,2000
4.00,GRD,010757,MATH,1970
5.00,GRD,010756,MATH,1960
3.00,GRD,007601,BLST,1950
3.00,GRD,050039,WGST,1950
1.00,GRD,057386,PHYS,1950
5.00,GRD,010755,MATH,1950
5.00,GRD,056742,MATH,1940
1.00,GRD,007775,ECEN,1940
3.00,GRD,056247,CIST,1940
3.00,GRD,010754,MATH,1930
1.00,GRD,007774,CEEN,1920
1.00,GRD,007774,ECEN,1920
1.00,GRD,058334,ENGR,1910
3.00,GRD,007182,ART,1820
3.00,GRD,007181,ART,1810
3.00,GRD,011514,PE,1800
10.00,GRD,060244,ILUN,1800
5.00,GRD,007456,BIOL,1750
8.00,GRD,057839,ILUN,1701
10.00,GRD,057838,ILUN,1700
1.00,CNC,011127,MUS,1690
1.00,GRD,011117,MUS,1660
1.00,GRD,011114,MUS,1640
3.00,GRD,008740,THEA,1630
3.00,GRD,008534,CSCI,1620
8.00,GRD,057837,ILUN,1601
3.00,GRD,056834,FSMT,1600
1.00,GRD,011109,MUS,1600
10.00,GRD,057836,ILUN,1600
3.00,GRD,008738,THEA,1550
3.00,GRD,058836,NEUR,1540
3.00,GRD,010752,MATH,1530
3.00,GRD,055295,NEUR,1520
3.00,GRD,009855,HIST,1520
3.00,GRD,008737,THEA,1510
3.00,GRD,009854,HIST,1510
3.00,GRD,056645,CIST,1510
8.00,GRD,057835,ILUN,1501
3.00,GRD,050080,WRWS,1500
3.00,GRD,058289,SPED,1500
3.00,GRD,012319,SOWK,1500
3.00,GRD,055295,NEUR,1500
3.00,GRD,010658,JMC,1500
3.00,GRD,059703,AVN,1500
3.00,GRD,007689,BSAD,1500
3.00,GRD,007689,MGMT,1500
10.00,GRD,057834,ILUN,1500
3.00,GRD,009802,HED,1500
5.00,GRD,007454,BIOL,1450
4.00,GRD,011106,MUS,1420
4.00,GRD,011105,MUS,1410
1.00,GRD,008001,CIST,1404
8.00,GRD,057833,ILUN,1401
3.00,GRD,057083,DSGN,1400
3.00,GRD,011104,MUS,1400
3.00,GRD,012565,SPED,1400
10.00,GRD,057832,ILUN,1400
3.00,GRD,054225,CIST,1400
3.00,GRD,058486,MUS,1390
4.00,GRD,057935,MATH,1370
1.00,GRD,011739,PHYS,1354
3.00,GRD,011738,PHYS,1350
3.00,GRD,007599,BLST,1340
5.00,GRD,010750,MATH,1340
3.00,GRD,007452,BIOL,1330
3.00,GRD,010749,MATH,1330
3.00,GRD,010747,MATH,1320
1.00,GRD,007119,AERO,1320
1.00,GRD,008308,CNST,1310
3.00,GRD,012510,CMST,1310
3.00,GRD,054056,MATH,1310
1.00,GRD,007117,AERO,1310
3.00,GRD,009460,FSCI,1310
8.00,GRD,057831,ILUN,1301
10.00,GRD,057830,ILUN,1300
3.00,GRD,008000,CIST,1300
3.00,GRD,007598,BLST,1260
3.00,GRD,057082,DSGN,1230
3.00,GRD,008735,THEA,1220
3.00,GRD,007179,ART,1220
3.00,GRD,060052,MATH,1220
3.00,GRD,007597,BLST,1220
3.00,GRD,011688,PHIL,1210
3.00,GRD,007177,ART,1210
3.00,GRD,060005,MATH,1210
3.00,GRD,008734,THEA,1210
1.00,GRD,057385,CSCI,1204
8.00,GRD,060018,ILUN,1201
3.00,GRD,057081,DSGN,1200
3.00,GRD,009176,ENGL,1200
3.00,GRD,008876,ECON,1200
3.00,GRD,010427,HUMN,1200
10.00,GRD,060017,ILUN,1200
3.00,GRD,056754,CSCI,1200
1.00,GRD,007893,CHEM,1194
3.00,GRD,007892,CHEM,1190
1.00,GRD,007891,CHEM,1184
4.00,GRD,009576,GEOL,1180
3.00,GRD,007890,CHEM,1180
4.00,GRD,009575,GEOL,1170
1.00,GRD,011737,PHYS,1164
3.00,GRD,009175,ENGL,1164
3.00,GRD,007337,AVN,1160
3.00,GRD,009174,ENGL,1160
1.00,GRD,011735,PHYS,1154
3.00,GRD,009173,ENGL,1154
3.00,GRD,058585,EMGT,1150
3.00,GRD,009172,ENGL,1150
1.00,GRD,007887,CHEM,1144
4.00,GRD,007886,CHEM,1140
1.00,GRD,055285,SPED,1124
5.00,GRD,057967,LATN,1120
3.00,GRD,012564,SPED,1120
5.00,GRD,012451,SPAN,1120
5.00,GRD,009615,GERM,1120
5.00,GRD,010653,JAPN,1120
5.00,GRD,009421,FREN,1120
5.00,GRD,059498,CHIN,1120
5.00,GRD,012204,RUSS,1120
5.00,GRD,009366,FLNG,1120
4.00,GRD,011733,PHYS,1120
3.00,GRD,009853,HIST,1120
3.00,GRD,059822,MATH,1120
3.00,GRD,008307,CNST,1120
3.00,GRD,060001,STEM,1120
1.00,GRD,055284,SPED,1114
4.00,GRD,057080,DSGN,1110
5.00,GRD,010652,JAPN,1110
5.00,GRD,009420,FREN,1110
5.00,GRD,009614,GERM,1110
5.00,GRD,012450,SPAN,1110
5.00,GRD,057678,LATN,1110
3.00,GRD,012508,CMST,1110
5.00,GRD,058521,CHIN,1110
3.00,GRD,012563,SPED,1110
6.00,GRD,010431,HUMN,1110
5.00,GRD,009365,FLNG,1110
5.00,GRD,012203,RUSS,1110
3.00,GRD,009852,HIST,1110
3.00,GRD,007176,ART,1110
4.00,GRD,011732,PHYS,1110
3.00,GRD,056196,ITIN,1110
1.00,GRD,009574,GEOL,1104
3.00,GRD,009573,GEOL,1100
3.00,GRD,011807,PSCI,1100
3.00,GRD,057079,DSGN,1100
3.00,GRD,011080,MUS,1100
3.00,GRD,057516,TED,1100
3.00,GRD,010430,NAMS,1100
3.00,GRD,059549,BMCH,1100
3.00,GRD,009171,ENGL,1100
3.00,GRD,007175,ART,1100
3.00,GRD,010438,IASC,1100
3.00,GRD,010438,CYBR,1100
4.00,GRD,009476,GEOG,1090
3.00,GRD,011079,MUS,1090
3.00,GRD,009170,ENGL,1090
3.00,GRD,011078,MUS,1080
3.00,GRD,011077,MUS,1070
2.00,GRD,057514,BIOL,1060
3.00,GRD,007773,CEEN,1060
3.00,GRD,007773,ECEN,1060
1.00,GRD,011731,PHYS,1054
3.00,GRD,009851,HIST,1050
4.00,GRD,011730,PHYS,1050
3.00,GRD,007595,BLST,1050
2.00,GRD,009168,ENGL,1050
3.00,GRD,007134,ANTH,1050
3.00,GRD,057515,NSCI,1050
4.00,GRD,058440,GEOG,1050
3.00,GRD,057689,MUS,1050
3.00,GRD,008732,THEA,1050
3.00,GRD,007662,JMC,1050
3.00,GRD,007333,AVN,1040
3.00,GRD,007184,ART,1040
1.00,GRD,011729,PHYS,1034
1.00,NOG,056341,INST,1030
3.00,GRD,011728,PHYS,1030
4.00,GRD,009473,GEOG,1030
2.00,GRD,007332,AVN,1030
3.00,GRD,056649,MILS,1030
1.00,GRD,008393,CONE,1030
4.00,GRD,007772,CEEN,1030
4.00,GRD,007772,ECEN,1030
1.00,GRD,007331,AVN,1024
3.00,GRD,007330,AVN,1020
4.00,GRD,011917,PSYC,1020
1.00,NOG,055955,INST,1020
3.00,GRD,011687,PHIL,1020
3.00,GRD,010432,LLS,1020
0.00,NOG,050038,US,1020
3.00,GRD,009167,ENGL,1020
3.00,GRD,009472,GEOG,1020
1.00,GRD,010999,MILS,1020
4.00,GRD,007449,BIOL,1020
1.00,GRD,007885,CHEM,1014
3.00,GRD,050014,UBNS,1010
3.00,GRD,009572,GEOL,1010
3.00,GRD,011686,PHIL,1010
1.00,NOG,010462,INST,1010
2.00,GRD,057078,DSGN,1010
3.00,GRD,012738,TED,1010
3.00,GRD,011916,PSYC,1010
3.00,GRD,012085,RELI,1010
3.00,GRD,012216,SOC,1010
3.00,GRD,008227,CRCJ,1010
3.00,GRD,007174,ART,1010
3.00,GRD,050079,WRWS,1010
3.00,GRD,007979,CHIN,1010
3.00,GRD,011388,PA,1010
3.00,GRD,009850,HIST,1010
3.00,GRD,009166,ENGL,1010
1.00,GRD,011511,PE,1010
0.00,SUS,058584,MUS,1010
1.00,GRD,010998,MILS,1010
0.00,SUS,059746,BSAD,1010
3.00,GRD,008305,LLS,1010
1.00,GRD,007043,AE,1010
3.00,GRD,008731,THEA,1010
3.00,GRD,007884,CHEM,1010
1.00,GRD,050036,US,1010
1.00,GRD,060065,MATH,1010
3.00,GRD,058920,ITIN,1010
0.00,SUS,007114,AERO,1010
1.00,NOG,056085,INST,1001
0.00,NOG,010997,MILS,1000
21.00,NOG,056088,ILUN,1000
1.00,NOG,056084,INST,1000
3.00,GRD,011806,PSCI,1000
3.00,GRD,056460,EMGT,1000
3.00,GRD,009471,GEOG,1000
3.00,GRD,058060,ENGR,1000
0.00,NOG,058475,AVSC,1000
0.00,NOG,059301,US,1000
3.00,GRD,007329,AVN,1000
0.00,CNC,059520,AE,1000
3.00,GRD,059575,BMCH,1000
3.00,GRD,007594,BLST,1000
3.00,GRD,009848,HIST,1000
2.00,GRD,056984,MATH,1000
3.00,GRD,059554,SUST,1000
3.00,GRD,010732,LLS,1000
3.00,GRD,012318,SOWK,1000
3.00,GRD,007435,BIOI,1000
1.00,GRD,008730,THEA,1000
3.00,GRD,056394,CFAM,1000
0.00,SUS,011074,MUS,1000
1.00,GRD,008226,CIVE, 999
1.00,GRD,008225,CIVE, 998
1.00,GRD,008224,CIVE, 989
3.00,GRD,008172,CIVE, 966
3.00,GRD,008217,CIVE, 954
3.00,GRD,008212,CIVE, 948
3.00,GRD,008209,CIVE, 945
1.00,GRD,008186,CIVE, 899
1.00,GRD,008185,CIVE, 898
3.00,GRD,008176,CIVE, 872
3.00,GRD,008164,CIVE, 868
3.00,GRD,054462,CIVE, 866
3.00,GRD,008166,CIVE, 865
3.00,GRD,008168,CIVE, 863
3.00,GRD,054705,CIVE, 862
3.00,GRD,008162,CIVE, 861
3.00,GRD,008158,CIVE, 858
3.00,GRD,008154,CIVE, 856
3.00,GRD,008151,CIVE, 854
3.00,GRD,008149,CIVE, 852
3.00,GRD,008147,CIVE, 851
3.00,GRD,008145,CIVE, 850
3.00,GRD,008140,CIVE, 847
3.00,GRD,008138,CIVE, 846
3.00,GRD,059464,CIVE, 843
3.00,GRD,008130,CIVE, 842
3.00,GRD,008127,CIVE, 840
3.00,GRD,008126,CIVE, 839
3.00,GRD,008125,CIVE, 836
3.00,GRD,008123,CIVE, 834
3.00,GRD,008120,CIVE, 830
3.00,GRD,008119,CIVE, 829
3.00,GRD,008117,CIVE, 828
3.00,GRD,008115,CIVE, 827
3.00,GRD,008113,CIVE, 826
3.00,GRD,008109,CIVE, 823
3.00,GRD,008107,CIVE, 821
3.00,GRD,008105,CIVE, 819
1.00,GRD,011307,MUS, 815T
1.00,GRD,011306,MUS, 815S
1.00,GRD,011305,MUS, 815R
1.00,GRD,011303,MUS, 815P
1.00,GRD,011302,MUS, 815O
1.00,GRD,011301,MUS, 815N
1.00,GRD,011300,MUS, 815M
1.00,GRD,011299,MUS, 815L
1.00,GRD,011298,MUS, 815K
1.00,GRD,011297,MUS, 815J
1.00,GRD,011295,MUS, 815H
1.00,GRD,011294,MUS, 815G
1.00,GRD,011293,MUS, 815F
1.00,GRD,011292,MUS, 815E
1.00,GRD,011291,MUS, 815D
1.00,GRD,011290,MUS, 815C
1.00,GRD,011289,MUS, 815B
1.00,GRD,008101,CIVE, 498
3.00,GRD,008100,CIVE, 489
3.00,GRD,008092,CIVE, 472
3.00,GRD,008087,CIVE, 468
3.00,GRD,008089,CIVE, 463
3.00,GRD,008085,CIVE, 462
3.00,GRD,008086,CIVE, 461
3.00,GRD,008083,CIVE, 458
3.00,GRD,008081,CIVE, 456
3.00,GRD,008079,CIVE, 454
3.00,GRD,008078,CIVE, 452
3.00,GRD,008077,CIVE, 451
3.00,GRD,008073,CIVE, 447
3.00,GRD,008072,CIVE, 446
3.00,GRD,008070,CIVE, 444
3.00,GRD,008069,CIVE, 443
3.00,GRD,008067,CIVE, 441
3.00,GRD,008066,CIVE, 440
3.00,GRD,008064,CIVE, 436
3.00,GRD,008063,CIVE, 434
3.00,GRD,008060,CIVE, 430
3.00,GRD,008056,CIVE, 427
3.00,GRD,008054,CIVE, 426
3.00,GRD,008052,CIVE, 425
3.00,GRD,008046,CIVE, 422
3.00,GRD,008045,CIVE, 421
3.00,GRD,008044,CIVE, 419
1.00,GRD,011245,MUS, 415T
1.00,GRD,011244,MUS, 415S
1.00,GRD,011243,MUS, 415R
1.00,GRD,011242,MUS, 415Q
1.00,GRD,011241,MUS, 415P
1.00,GRD,011240,MUS, 415O
1.00,GRD,011239,MUS, 415N
1.00,GRD,011238,MUS, 415M
1.00,GRD,011237,MUS, 415L
1.00,GRD,011236,MUS, 415K
1.00,GRD,011235,MUS, 415J
1.00,GRD,011234,MUS, 415I
1.00,GRD,011233,MUS, 415H
1.00,GRD,011232,MUS, 415G
1.00,GRD,011231,MUS, 415F
1.00,GRD,011230,MUS, 415E
1.00,GRD,011229,MUS, 415D
1.00,GRD,011228,MUS, 415C
1.00,GRD,011227,MUS, 415B
1.00,GRD,011226,MUS, 415A
3.00,GRD,008040,CIVE, 385
3.00,GRD,008039,CIVE, 378
3.00,GRD,008037,CIVE, 361
3.00,GRD,008035,CIVE, 352
4.00,GRD,008032,CIVE, 341
4.00,GRD,008030,CIVE, 334
1.00,GRD,008027,CIVE, 327
3.00,GRD,008026,CIVE, 326
1.00,GRD,008025,CIVE, 319
1.00,GRD,011195,MUS, 315T
1.00,GRD,011194,MUS, 315S
1.00,GRD,011193,MUS, 315R
1.00,GRD,011192,MUS, 315Q
1.00,GRD,011191,MUS, 315P
1.00,GRD,011190,MUS, 315O
1.00,GRD,011189,MUS, 315N
1.00,GRD,011188,MUS, 315M
1.00,GRD,011187,MUS, 315L
1.00,GRD,011186,MUS, 315K
1.00,GRD,011185,MUS, 315J
1.00,GRD,011184,MUS, 315I
1.00,GRD,011183,MUS, 315H
1.00,GRD,011182,MUS, 315G
1.00,GRD,011181,MUS, 315F
1.00,GRD,011180,MUS, 315E
1.00,GRD,011179,MUS, 315D
1.00,GRD,011178,MUS, 315C
1.00,GRD,011177,MUS, 315B
1.00,GRD,011176,MUS, 315A
3.00,GRD,008023,CIVE, 310
3.00,GRD,008019,CIVE, 221
1.00,GRD,011148,MUS, 215T
1.00,GRD,011147,MUS, 215S
1.00,GRD,011146,MUS, 215R
1.00,GRD,011145,MUS, 215Q
1.00,GRD,011144,MUS, 215P
1.00,GRD,011143,MUS, 215O
1.00,GRD,011142,MUS, 215N
1.00,GRD,011141,MUS, 215M
1.00,GRD,011140,MUS, 215L
1.00,GRD,011139,MUS, 215K
1.00,GRD,011138,MUS, 215J
1.00,GRD,011137,MUS, 215I
1.00,GRD,011136,MUS, 215H
1.00,GRD,011135,MUS, 215G
1.00,GRD,011134,MUS, 215F
1.00,GRD,011133,MUS, 215E
1.00,GRD,011132,MUS, 215D
1.00,GRD,011131,MUS, 215C
1.00,GRD,011130,MUS, 215B
1.00,GRD,011129,MUS, 215A
0.00,SUS,057085,ENGR, 200
1.00,GRD,058997,MUS, 169D
2.00,GRD,011126,MUS, 168D
2.00,GRD,011122,MUS, 167D
1.00,GRD,011121,MUS, 167C
1.00,GRD,011120,MUS, 167B
2.00,GRD,008018,CIVE, 130
1.00,GRD,011103,MUS, 115U
1.00,GRD,011102,MUS, 115T
1.00,GRD,011101,MUS, 115S
1.00,GRD,011100,MUS, 115R
1.00,GRD,011099,MUS, 115Q
1.00,GRD,011098,MUS, 115P
1.00,GRD,011097,MUS, 115O
1.00,GRD,011096,MUS, 115N
1.00,GRD,011095,MUS, 115M
1.00,GRD,011094,MUS, 115L
1.00,GRD,011093,MUS, 115K
1.00,GRD,011092,MUS, 115J
1.00,GRD,011091,MUS, 115I
1.00,GRD,011090,MUS, 115H
1.00,GRD,011089,MUS, 115G
1.00,GRD,011088,MUS, 115F
1.00,GRD,011087,MUS, 115E
1.00,GRD,011086,MUS, 115D
1.00,GRD,011085,MUS, 115C
1.00,GRD,011084,MUS, 115B
1.00,GRD,011083,MUS, 115A
1.00,GRD,058613,PEA, 113A
1.00,GRD,058570,PEA, 112X
1.00,GRD,057957,PEA, 112W
1.00,GRD,057959,PEA, 112V
1.00,GRD,057958,PEA, 112U
1.00,GRD,056464,PEA, 112S
1.00,GRD,055821,PEA, 112Q
1.00,GRD,054374,PEA, 112P
1.00,GRD,054067,PEA, 112O
1.00,GRD,011667,PEA, 112N
1.00,GRD,011666,PEA, 112M
1.00,GRD,011665,PEA, 112L
1.00,GRD,011664,PEA, 112K
1.00,GRD,011663,PEA, 112J
1.00,GRD,011661,PEA, 112H
1.00,GRD,011660,PEA, 112G
1.00,GRD,011659,PEA, 112F
1.00,GRD,011657,PEA, 112D
1.00,GRD,011656,PEA, 112C
1.00,GRD,011654,PEA, 112A
1.00,GRD,008015,CIVE, 112
1.00,GRD,011652,PEA, 111Z
1.00,GRD,011650,PEA, 111X
1.00,GRD,011649,PEA, 111W
1.00,GRD,011648,PEA, 111V
1.00,GRD,011646,PEA, 111T
1.00,GRD,011645,PEA, 111S
1.00,GRD,011644,PEA, 111R
1.00,GRD,011643,PEA, 111Q
1.00,GRD,011642,PEA, 111P
1.00,GRD,011640,PEA, 111N
1.00,GRD,011635,PEA, 111I
1.00,GRD,011634,PEA, 111H
1.00,GRD,011633,PEA, 111G
1.00,GRD,011632,PEA, 111F
1.00,GRD,011631,PEA, 111E
1.00,GRD,011630,PEA, 111D
1.00,GRD,011629,PEA, 111C
0.00,SUS,056785,ENGR, 100
